heroId,name,alias,title,roles,isWeekFree,attack,defense,magic,difficulty,selectAudio,banAudio,isARAMweekfree,ispermanentweekfree,changeLabel,goldPrice,couponPrice,camp,campId,keywords,instance_id
1,u9ed1u6697u4e4bu5973,Annie,u5b89u59ae,mage,0,2,3,10,6,https://game.gtimg.cn/images/lol/act/img/vo/choose/1.ogg,https://game.gtimg.cn/images/lol/act/img/vo/ban/1.ogg,0,0,u6539u52a8u82f1u96c4,450,1000,,,"u5b89u59ae,u9ed1u6697u4e4bu5973,u706bu5973,Annie,anni,heianzhinv,huonv,an,hazn,hn",0b95894e-0df2-470e-b282-6c5f5cf41955
2,u72c2u6218u58eb,Olaf,u5965u62c9u592b,"fighter,tank",0,9,5,3,3,https://game.gtimg.cn/images/lol/act/img/vo/choose/2.ogg,https://game.gtimg.cn/images/lol/act/img/vo/ban/2.ogg,0,0,u6539u52a8u82f1u96c4,3150,1500,,,"u72c2u6218u58eb,u5965u62c9u592b,kzs,alf,Olaf,kuangzhanshi,aolafu",d5ac729e-d5ef-4565-9ede-ac25493dafca
3,u6b63u4e49u5de8u50cf,Galio,u52a0u91ccu5965,"tank,mage",0,1,10,6,5,https://game.gtimg.cn/images/lol/act/img/vo/choose/3.ogg,https://game.gtimg.cn/images/lol/act/img/vo/ban/3.ogg,0,0,u6539u52a8u82f1u96c4,3150,2000,,,"u6b63u4e49u5de8u50cf,u52a0u91ccu5965,Galio,jla,zyjx,zhengyijuxiang,jialiao",cbe8e557-6b38-4478-ae6f-9b03f10fb4d5
4,u5361u724cu5927u5e08,TwistedFate,u5d14u65afu7279,mage,0,6,2,6,9,https://game.gtimg.cn/images/lol/act/img/vo/choose/4.ogg,https://game.gtimg.cn/images/lol/act/img/vo/ban/4.ogg,0,0,u65e0u6539u52a8,4800,2500,,,"u5361u724cu5927u5e08,u5d14u65afu7279,u5361u724c,TwistedFate,kp,cst,kpds,kapaidashi,cuisite,kapai",cf9428c9-230d-4bd7-9e28-f09269bf2a47
5,u5fb7u90a6u603bu7ba1,XinZhao,u8d75u4fe1,"fighter,assassin",0,8,6,3,2,https://game.gtimg.cn/images/lol/act/img/vo/choose/5.ogg,https://game.gtimg.cn/images/lol/act/img/vo/ban/5.ogg,0,0,u65e0u6539u52a8,1350,2000,,,"u5fb7u90a6u603bu7ba1,u5fb7u90a6,u8d75u4fe1,XinZhao,db,dbzg,zx,debangzongguan,debang,zhaoxin",5aec3771-c92f-4a86-a43e-f00fbd2db5f6
6,u65e0u754fu6218u8f66,Urgot,u5384u52a0u7279,"fighter,tank",0,8,5,3,8,https://game.gtimg.cn/images/lol/act/img/vo/choose/6.ogg,https://game.gtimg.cn/images/lol/act/img/vo/ban/6.ogg,0,0,u65e0u6539u52a8,3150,1000,,,"u65e0u754fu6218u8f66,u5384u52a0u7279,ejt,wwzc,Urgot,wuweizhanche,ejiate",11f0376f-018e-42ac-900a-6381027c28a3
7,u8be1u672fu5996u59ec,Leblanc,u4e50u8299u5170,"assassin,mage",0,1,4,10,9,https://game.gtimg.cn/images/lol/act/img/vo/choose/7.ogg,https://game.gtimg.cn/images/lol/act/img/vo/ban/7.ogg,0,0,u6539u52a8u82f1u96c4,3150,2500,,,"u8be1u672fu5996u59ec,u5996u59ec,u4e50u8299u5170,Leblanc,lfl,yj,gsyj,guishuyaoji,yaoji,lefulan",ec0af028-71d5-461b-953b-7cb63ee73215
8,u7329u7ea2u6536u5272u8005,Vladimir,u5f17u62c9u57fau7c73u5c14,mage,0,2,6,8,7,https://game.gtimg.cn/images/lol/act/img/vo/choose/8.ogg,https://game.gtimg.cn/images/lol/act/img/vo/ban/8.ogg,0,0,u65e0u6539u52a8,3150,2500,,,"u7329u7ea2u6536u5272u8005,u5438u8840u9b3c,u5f17u62c9u57fau7c73u5c14,fljme,xxg,xhsgz,Vladimir,xinghongshougezhe,xixiegui,fulajimier",e1d1e6dd-5480-43f5-ab68-72e26ba189c2
9,u8fdcu53e4u6050u60e7,FiddleSticks,u8d39u5fb7u63d0u514b,"mage,support",0,2,3,9,9,https://game.gtimg.cn/images/lol/act/img/vo/choose/9.ogg,https://game.gtimg.cn/images/lol/act/img/vo/ban/9.ogg,0,0,u65e0u6539u52a8,1350,2000,,,"u8fdcu53e4u6050u60e7,u8d39u5fb7u63d0u514b,u7a3bu8349u4eba,FiddleSticks,yuangukongju,feidetike,daocaoren,dcr,fdtk,ygkj",d78947cc-f2d2-49b4-b533-768b7ba1929b
10,u6b63u4e49u5929u4f7f,Kayle,u51efu5c14,"fighter,support",0,6,6,7,7,https://game.gtimg.cn/images/lol/act/img/vo/choose/10.ogg,https://game.gtimg.cn/images/lol/act/img/vo/ban/10.ogg,0,0,u6539u52a8u82f1u96c4,4800,1000,,,"u6b63u4e49u5929u4f7f,u51efu5c14,u5929u4f7f,ts,zyts,ke,Kayle,zhengyitianshi,kaier,tianshi",88faca40-76aa-4f01-a5a1-b413831fc538
11,u65e0u6781u5251u5723,MasterYi,u6613,"assassin,fighter",0,10,4,2,4,https://game.gtimg.cn/images/lol/act/img/vo/choose/11.ogg,https://game.gtimg.cn/images/lol/act/img/vo/ban/11.ogg,0,0,u65e0u6539u52a8,450,1000,,,"u65e0u6781u5251u5723,u6613,u5251u5723,js,y,wjjs,MasterYi,wujijiansheng,yi,jiansheng",0b4f900a-05a2-40eb-b966-c26a854fd472
12,u725bu5934u914bu957f,Alistar,u963fu5229u65afu5854,"tank,support",0,6,9,5,7,https://game.gtimg.cn/images/lol/act/img/vo/choose/12.ogg,https://game.gtimg.cn/images/lol/act/img/vo/ban/12.ogg,0,0,u6539u52a8u82f1u96c4,1350,1000,,,"u963fu5229u65afu5854,u725bu5934,u725bu5934u914bu957f,u914bu957f,alisita,niutou,niutouqiuzhang,qiuzhang,Alistar,alst,nt,ntqz,qz",68840740-4a18-4af1-815a-a3b670d37fb8
13,u7b26u6587u6cd5u5e08,Ryze,u745eu5179,"mage,fighter",0,2,2,10,7,https://game.gtimg.cn/images/lol/act/img/vo/choose/13.ogg,https://game.gtimg.cn/images/lol/act/img/vo/ban/13.ogg,0,0,u65e0u6539u52a8,4800,1000,,,"u7b26u6587u6cd5u5e08,u745eu5179,Ryze,u5149u5934,rz,fwfs,gt,fuwenfashi,ruizi,guangtou",607f8a12-1a1a-4a75-999f-92b322791143
14,u4ea1u7075u6218u795e,Sion,u8d5bu6069,"tank,fighter",0,5,9,3,5,https://game.gtimg.cn/images/lol/act/img/vo/choose/14.ogg,https://game.gtimg.cn/images/lol/act/img/vo/ban/14.ogg,0,0,u6539u52a8u82f1u96c4,1350,2000,,,"u4ea1u7075u6218u795e,u585eu6069,u8d5bu6069,se,wlzs,Sion,wanglingzhanshen,saien",0b5a08a0-e0ea-4d8e-bb02-907ab8e7a2e9
15,u6218u4e89u5973u795e,Sivir,u5e0cu7ef4u5c14,marksman,0,9,3,1,4,https://game.gtimg.cn/images/lol/act/img/vo/choose/15.ogg,https://game.gtimg.cn/images/lol/act/img/vo/ban/15.ogg,0,0,u65e0u6539u52a8,450,1000,,,"u6218u4e89u5973u795e,u8f6eu5b50u5988,u5e0cu7ef4u5c14,lzm,xwe,zzns,Sivir,zhanzhengnvshen,lunzima,xiweier",4196b22e-0803-4399-815b-1126422949ab
16,u4f17u661fu4e4bu5b50,Soraka,u7d22u62c9u5361,"support,mage",0,2,5,7,3,https://game.gtimg.cn/images/lol/act/img/vo/choose/16.ogg,https://game.gtimg.cn/images/lol/act/img/vo/ban/16.ogg,0,0,u65e0u6539u52a8,450,1000,,,"u4f17u661fu4e4bu5b50,u7d22u62c9u5361,u661fu5988,u5976u5988,xm,nm,slk,zxzz,Soraka,zhongxingzhizi,suolaka,xingma,naima",2e3c9b95-2005-49ce-be0b-811d1bc02634
17,u8fc5u6377u65a5u5019,Teemo,u63d0u83ab,"marksman,assassin",0,5,3,7,6,https://game.gtimg.cn/images/lol/act/img/vo/choose/17.ogg,https://game.gtimg.cn/images/lol/act/img/vo/ban/17.ogg,0,0,u65e0u6539u52a8,450,1000,,,"u8fc5u6377u65a5u5019,u63d0u83ab,timo,Teemo,tm,xjch,xunjiechihou,timo",0751f02e-72e5-40c3-bde0-00d01e8bc0f9
18,u9ea6u6797u70aeu624b,Tristana,u5d14u4e1du5854u5a1c,"marksman,assassin",0,9,3,5,4,https://game.gtimg.cn/images/lol/act/img/vo/choose/18.ogg,https://game.gtimg.cn/images/lol/act/img/vo/ban/18.ogg,0,0,u65e0u6539u52a8,1350,1000,,,"u9ea6u6797u70aeu624b,u5c0fu70ae,u5d14u4e1du5854u5a1c,xp,cstn,mlps,Tristana,mailinpaoshou,xiaopao,cuisitana",0c0389a2-8bc6-4940-a38c-ed6008f1241e
19,u7956u5b89u6012u517d,Warwick,u6c83u91ccu514b,"fighter,tank",0,9,5,3,3,https://game.gtimg.cn/images/lol/act/img/vo/choose/19.ogg,https://game.gtimg.cn/images/lol/act/img/vo/ban/19.ogg,0,0,u65e0u6539u52a8,450,1000,,,"u7956u5b89u6012u517d,u6c83u91ccu514b,u72fcu4eba,lr,wlk,zans,Warwick,zuannushou,wolike,langren",af2cf03c-dae3-4998-b24d-fbca76c39a16
20,u96eau539fu53ccu5b50,Nunu,u52aau52aau548cu5a01u6717u666e,"tank,fighter",0,4,6,7,4,https://game.gtimg.cn/images/lol/act/img/vo/choose/20.ogg,https://game.gtimg.cn/images/lol/act/img/vo/ban/20.ogg,0,0,u65e0u6539u52a8,450,1000,,,"u96eau539fu53ccu5b50,u52aau52aau548cu5a01u6717u666e,u52aau52aa,u96eau4eba,Nunu,nn,xr,xysz,mmhwlp,xueyuanshuangzi,nunuheweilangpu,nunu,xueren",2cc3fe64-8edb-41c2-a6cd-f9cd6d93dde6
21,u8d4fu91d1u730eu4eba,MissFortune,u5384u8fd0u5c0fu59d0,marksman,0,8,2,5,1,https://game.gtimg.cn/images/lol/act/img/vo/choose/21.ogg,https://game.gtimg.cn/images/lol/act/img/vo/ban/21.ogg,0,0,u65e0u6539u52a8,450,1000,,,"u8d4fu91d1u730eu4eba,u8d4fu91d1,u5384u8fd0u5c0fu59d0,MF,MissFortune,sj,sjlr,eyxj,shangjinlieren,shangjin,eyunxiaojie",a2675968-f147-4cbf-b067-d15a6109b34c
22,u5bd2u51b0u5c04u624b,Ashe,u827eu5e0c,"marksman,support",0,7,3,2,4,https://game.gtimg.cn/images/lol/act/img/vo/choose/22.ogg,https://game.gtimg.cn/images/lol/act/img/vo/ban/22.ogg,0,0,u6539u52a8u82f1u96c4,450,1000,,,"u827eu5e0c,u5bd2u51b0,u7231u5c04,u827eu5c04,u51b0u5f13,Ashe,aixi,hanbing,aishe,aishe,binggong,ax,hb,as,bg",7f276de2-1a5f-4ad3-aaf8-8137c0224304
23,u86eeu65cfu4e4bu738b,Tryndamere,u6cf0u8fbeu7c73u5c14,"fighter,assassin",0,10,5,2,5,https://game.gtimg.cn/images/lol/act/img/vo/choose/23.ogg,https://game.gtimg.cn/images/lol/act/img/vo/ban/23.ogg,0,0,u65e0u6539u52a8,1350,2000,,,"u86eeu65cfu4e4bu738b,u86eeu738b,u6cf0u8fbeu7c73u5c14,Tryndamere,tdme,mw,mzzw,manzuzhiwang,manwang,taidamier",417ecd9e-b090-496d-b51b-94498950ec75
24,u6b66u5668u5927u5e08,Jax,u8d3eu514bu65af,"fighter,assassin",0,7,5,7,5,https://game.gtimg.cn/images/lol/act/img/vo/choose/24.ogg,https://game.gtimg.cn/images/lol/act/img/vo/ban/24.ogg,0,0,u6539u52a8u82f1u96c4,1350,2000,,,"u6b66u5668u5927u5e08,u8d3eu514bu65af,u6b66u5668,Jax,wq,jks,wqds,wuqidashi,jiakesi,wuqi",52b637f1-3c5c-4828-a4e5-54d46188282b
25,u5815u843du5929u4f7f,Morgana,u83abu7518u5a1c,"mage,support",0,1,6,8,1,https://game.gtimg.cn/images/lol/act/img/vo/choose/25.ogg,https://game.gtimg.cn/images/lol/act/img/vo/ban/25.ogg,0,0,u65e0u6539u52a8,1350,2000,,,"u5815u843du5929u4f7f,u83abu7518u5a1c,MGN,dlts,Morgana,duoluotianshi,moganna",c5c4606a-a436-4125-8f33-2afb2423ad60
26,u65f6u5149u5b88u62a4u8005,Zilean,u57fau5170,"support,mage",0,2,5,8,6,https://game.gtimg.cn/images/lol/act/img/vo/choose/26.ogg,https://game.gtimg.cn/images/lol/act/img/vo/ban/26.ogg,0,0,u65e0u6539u52a8,1350,1000,,,"u65f6u5149u5b88u62a4u8005,u57fau5170,Zilean,jl,sgshz,u65f6u5149u8001u4eba,u65f6u5149u8001u5934,shiguangshouhuzhe,jilan,shiguanglaoren,shiguanglaotou",829f170b-4fcf-413b-9ff5-e598fd4412e9
27,u70bcu91d1u672fu58eb,Singed,u8f9bu5409u5fb7,"tank,fighter",0,4,8,7,5,https://game.gtimg.cn/images/lol/act/img/vo/choose/27.ogg,https://game.gtimg.cn/images/lol/act/img/vo/ban/27.ogg,0,0,u65e0u6539u52a8,4800,2000,,,"u70bcu91d1u672fu58eb,u8f9bu5409u5fb7,u70bcu91d1,lj,xjd,ljss,Singed,lianjinshushi,xinjide,lianjin",3dea3293-2007-4136-9ead-ac2443eadd59
28,u75dbu82e6u4e4bu62e5,Evelynn,u4f0au8299u7433,"assassin,mage",0,4,2,7,10,https://game.gtimg.cn/images/lol/act/img/vo/choose/28.ogg,https://game.gtimg.cn/images/lol/act/img/vo/ban/28.ogg,0,0,u65e0u6539u52a8,1350,2000,,,"u75dbu82e6u4e4bu62e5,u4f0au8299u7433,u5be1u5987,Evelynn,tongkuzhiyong,yifulin,guafu,gf,tkzy,yfl",5c42eca8-eddd-49b6-86f0-b31a093fb8ad
29,u761fu75abu4e4bu6e90,Twitch,u56feu5947,"marksman,assassin",0,9,2,3,6,https://game.gtimg.cn/images/lol/act/img/vo/choose/29.ogg,https://game.gtimg.cn/images/lol/act/img/vo/ban/29.ogg,0,0,u6539u52a8u82f1u96c4,3150,2500,,,"u761fu75abu4e4bu6e90,u56feu5947,u8001u9f20,Twitch,ls,tq,wyzy,wenyizhiyuan,tuqi,laoshu",187346f6-409d-484c-8cb1-d6346a47cb3f
30,u6b7bu4ea1u9882u5531u8005,Karthus,u5361u5c14u8428u65af,mage,0,2,2,10,7,https://game.gtimg.cn/images/lol/act/img/vo/choose/30.ogg,https://game.gtimg.cn/images/lol/act/img/vo/ban/30.ogg,0,0,u65e0u6539u52a8,3150,2500,,,"u6b7bu4ea1u9882u5531u8005,u5361u5c14u8428u65af,u6b7bu6b4c,Karthus,sg,kess,swscz,siwangsongchangzhe,kaersasi,sige",a1ee1a8a-59ee-44dd-941f-4fcbd8f0facc
31,u865au7a7au6050u60e7,Chogath,u79d1u52a0u65af,"tank,mage",0,3,7,7,5,https://game.gtimg.cn/images/lol/act/img/vo/choose/31.ogg,https://game.gtimg.cn/images/lol/act/img/vo/ban/31.ogg,0,0,u6539u52a8u82f1u96c4,1350,1500,,,"u865au7a7au6050u60e7,u79d1u52a0u65af,u5927u866bu5b50,u866bu5b50,Chogath,xukongkongju,kejiasi,dachongzi,chongzi,xkkj,kjs,dcz,cz",f225e3e3-e08a-4583-a54a-734d9f4a8b1e
32,u6b87u4e4bu6728u4e43u4f0a,Amumu,u963fu6728u6728,"tank,mage",0,2,6,8,3,https://game.gtimg.cn/images/lol/act/img/vo/choose/32.ogg,https://game.gtimg.cn/images/lol/act/img/vo/ban/32.ogg,0,0,u6539u52a8u82f1u96c4,450,1000,,,"u963fu6728u6728,u6728u4e43u4f0a,u5206u5934,u6b87u4e4bu6728u4e43u4f0a,u6728u6728,u4f24u4e4bu6728u4e43u4f0a,amumu,munaiyi,fentou,shangzhimunaiyi,amm,szmny,mny,ft,mm,mumu",aad16047-3695-4687-a7ad-a56389d846dc
33,u62abu7532u9f99u9f9f,Rammus,u62c9u83abu65af,"tank,fighter",0,4,10,5,5,https://game.gtimg.cn/images/lol/act/img/vo/choose/33.ogg,https://game.gtimg.cn/images/lol/act/img/vo/ban/33.ogg,0,0,u6539u52a8u82f1u96c4,1350,2000,,,"u62abu7532u9f99u9f9f,u62c9u83abu65af,u9f99u9f9f,lg,pjlg,lms,Rammus,pijialonggui,lamosi,longgui",b51cf47b-6d43-4a13-994d-05b6693415e4
34,u51b0u6676u51e4u51f0,Anivia,u827eu5c3cu7ef4u4e9a,"mage,support",0,1,4,10,10,https://game.gtimg.cn/images/lol/act/img/vo/choose/34.ogg,https://game.gtimg.cn/images/lol/act/img/vo/ban/34.ogg,0,0,u65e0u6539u52a8,3150,2500,,,"u51e4u51f0,u51b0u6676u51e4u51f0,u827eu5c3cu7ef4u4e9a,Anivia,fenghuang,bingjingfenghuang,ainiweiya,anwy,bjfh,fh",291d7cbe-9323-4053-bcff-f045daeb00cc
35,u6076u9b54u5c0fu4e11,Shaco,u8428u79d1,assassin,0,8,4,6,9,https://game.gtimg.cn/images/lol/act/img/vo/choose/35.ogg,https://game.gtimg.cn/images/lol/act/img/vo/ban/35.ogg,0,0,u65e0u6539u52a8,3150,2000,,,"u6076u9b54u5c0fu4e11,u5c0fu4e11,u6c99u6263,u6c99u53e3,u8428u79d1,xc,emxc,sk,emoxiaochou,xiaochou,sake,Shaco",c0dfe5bf-767c-439f-a489-d88f3f3310a1
36,u7956u5b89u72c2u4eba,DrMundo,u8499u591au533bu751f,"fighter,tank",0,5,7,6,5,https://game.gtimg.cn/images/lol/act/img/vo/choose/36.ogg,https://game.gtimg.cn/images/lol/act/img/vo/ban/36.ogg,0,0,u6539u52a8u82f1u96c4,450,1000,,,"u7956u5b89u72c2u4eba,u8499u591au533bu751f,u8499u591a,DrMundo,zuankuangren,mengduoyisheng,mengduo,md,mdys,zakr",a5222e88-fdba-4f45-86f4-173b479a0870
37,u7434u745fu4ed9u5973,Sona,u5a11u5a1c,"support,mage",0,5,2,8,4,https://game.gtimg.cn/images/lol/act/img/vo/choose/37.ogg,https://game.gtimg.cn/images/lol/act/img/vo/ban/37.ogg,0,0,u65e0u6539u52a8,450,1000,,,"u7434u745fu4ed9u5973,u7434u5973,u5a11u5a1c,sn,qn,qsxn,Sona,qinsexiannv,qinnv,suona",224be767-810f-4abe-8fce-746facdab943
38,u865au7a7au884cu8005,Kassadin,u5361u8428u4e01,"assassin,mage",0,3,5,8,8,https://game.gtimg.cn/images/lol/act/img/vo/choose/38.ogg,https://game.gtimg.cn/images/lol/act/img/vo/ban/38.ogg,0,0,u6539u52a8u82f1u96c4,3150,2500,,,"u865au7a7au884cu8005,u5361u8428u4e01,ksd,xkxz,Kassadin,xukongxingzhe,kasading",8c78f2a3-180e-497c-b5c2-f2c286d828c0
39,u5200u950bu821eu8005,Irelia,u827eu745eu8389u5a05,"fighter,assassin",0,7,4,5,5,https://game.gtimg.cn/images/lol/act/img/vo/choose/39.ogg,https://game.gtimg.cn/images/lol/act/img/vo/ban/39.ogg,0,0,u65e0u6539u52a8,3150,2500,,,"u5200u950bu821eu8005,u827eu745eu8389u5a05,u5973u5200,u5973u5200u950b,Irelia,nd,ndf,dfwz,arly,daofengwuzhe,airuiliya,nvdao,nvdaofeng",deffb7bb-c3b8-4e88-bdac-4a0bfa84cc52
40,u98ceu66b4u4e4bu6012,Janna,u8fe6u5a1c,"support,mage",0,3,5,7,7,https://game.gtimg.cn/images/lol/act/img/vo/choose/40.ogg,https://game.gtimg.cn/images/lol/act/img/vo/ban/40.ogg,0,0,u6539u52a8u82f1u96c4,1350,2000,,,"u98ceu66b4u4e4bu6012,u8fe6u5a1c,u98ceu5973,fn,jn,fbzn,Janna,fengbaozhinu,jiana,fengnv",a8075bb3-f6b8-4eb5-8d7c-47f4e107ce06
41,u6d77u6d0bu4e4bu707e,Gangplank,u666eu6717u514b,fighter,0,7,6,4,9,https://game.gtimg.cn/images/lol/act/img/vo/choose/41.ogg,https://game.gtimg.cn/images/lol/act/img/vo/ban/41.ogg,0,0,u6539u52a8u82f1u96c4,3150,2500,,,"u6d77u6d0bu4e4bu707e,u666eu6717u514b,u8239u957f,plk,cz,hyzz,Gangplank,haiyangzhizai,pulangke,chuanzhang",338fd36d-e4b2-4c6f-8cc4-99d194165e20
42,u82f1u52c7u6295u5f39u624b,Corki,u5e93u5947,marksman,0,8,3,6,6,https://game.gtimg.cn/images/lol/act/img/vo/choose/42.ogg,https://game.gtimg.cn/images/lol/act/img/vo/ban/42.ogg,0,0,u65e0u6539u52a8,3150,2500,,,"u82f1u52c7u6295u5f39u624b,u5e93u5947,u98deu673a,Corki,yingyongtoudanshou,kuqi,feiji,fj,kq,yytds",cde5eaf9-4272-474f-a636-00cd0debfeed
43,u5929u542fu8005,Karma,u5361u5c14u739b,"mage,support",0,1,7,8,5,https://game.gtimg.cn/images/lol/act/img/vo/choose/43.ogg,https://game.gtimg.cn/images/lol/act/img/vo/ban/43.ogg,0,0,u65e0u6539u52a8,3150,2500,,,"u5929u542fu8005,u5361u5c14u739b,u6247u5b50u5988,Karma,szm,kem,tqz,tianqizhe,kaerma,shanzima",66932c71-5d11-4a91-a754-04743c9c9f21
44,u74e6u6d1bu5170u4e4bu76fe,Taric,u5854u91ccu514b,"support,fighter",0,4,8,5,3,https://game.gtimg.cn/images/lol/act/img/vo/choose/44.ogg,https://game.gtimg.cn/images/lol/act/img/vo/ban/44.ogg,0,0,u65e0u6539u52a8,1350,1500,,,"u74e6u6d1bu5170u4e4bu76fe,u5854u91ccu514b,u5b9du77f3,bs,tlk,wllzd,Taric,waluolanzhidun,talike,baoshi",2751254b-28ad-4660-99da-fd03c0bb7bc3
45,u90aau6076u5c0fu6cd5u5e08,Veigar,u7ef4u8fe6,mage,0,2,2,10,7,https://game.gtimg.cn/images/lol/act/img/vo/choose/45.ogg,https://game.gtimg.cn/images/lol/act/img/vo/ban/45.ogg,0,0,u6539u52a8u82f1u96c4,1350,2000,,,"u90aau6076u5c0fu6cd5u5e08,u5c0fu6cd5u5e08,u7ef4u8fe6,xfs,xexfs,wj,Veigar,xieexiaofashi,xiaofashi,weijia",9741e5a4-8902-499d-ba4d-c57dcd8e7005
48,u5de8u9b54u4e4bu738b,Trundle,u7279u6717u5fb7u5c14,"fighter,tank",0,7,6,2,5,https://game.gtimg.cn/images/lol/act/img/vo/choose/48.ogg,https://game.gtimg.cn/images/lol/act/img/vo/ban/48.ogg,0,0,u65e0u6539u52a8,3150,2500,,,"u5de8u9b54u4e4bu738b,u5de8u9b54,u7279u6717u5fb7u5c14,Trundle,jm,jmzw,tlde,jumozhiwang,jumo,telangdeer",e3cf376a-5d62-4a0e-a319-91cb6f29925a
50,u8bfau514bu8428u65afu7edfu9886,Swain,u65afu7ef4u56e0,"mage,fighter",0,2,6,9,8,https://game.gtimg.cn/images/lol/act/img/vo/choose/50.ogg,https://game.gtimg.cn/images/lol/act/img/vo/ban/50.ogg,0,0,u6539u52a8u82f1u96c4,3150,2500,,,"u8bfau514bu8428u65afu7edfu9886,u4e4cu9e26,u65afu7ef4u56e0,swy,wy,nksstl,Swain,nuokesasitongling,wuya,siweiyin",5833411f-c754-43ab-8d8b-2ba0595979b0
51,u76aeu57ceu5973u8b66,Caitlyn,u51efu7279u7433,marksman,0,8,2,2,6,https://game.gtimg.cn/images/lol/act/img/vo/choose/51.ogg,https://game.gtimg.cn/images/lol/act/img/vo/ban/51.ogg,0,0,u65e0u6539u52a8,450,1000,,,"u76aeu57ceu5973u8b66,u51efu7279u7433,u5973u8b66,u76aeu57ce,Caitlyn,pichengnvjing,kaitelin,nvjing,picheng,pc,nj,pcnj,ctl",ecc1177c-672d-4b00-a0e8-b151dfe2f9cb
53,u84b8u6c7du673au5668u4eba,Blitzcrank,u5e03u91ccu8328,"tank,fighter,support",0,4,8,5,4,https://game.gtimg.cn/images/lol/act/img/vo/choose/53.ogg,https://game.gtimg.cn/images/lol/act/img/vo/ban/53.ogg,0,0,u65e0u6539u52a8,1350,2000,,,"u84b8u6c7du673au5668u4eba,u5e03u91ccu8328,u673au5668u4eba,Blitzcrank,zhengqijiqiren,bulici,jiqiren,zqjqr,jqr,blc",9d88f7e9-a881-4c57-ad17-77b991d935b7
54,u7194u5ca9u5de8u517d,Malphite,u58a8u83f2u7279,"tank,fighter",0,5,9,7,2,https://game.gtimg.cn/images/lol/act/img/vo/choose/54.ogg,https://game.gtimg.cn/images/lol/act/img/vo/ban/54.ogg,0,0,u6539u52a8u82f1u96c4,450,1000,,,"u7194u5ca9u5de8u517d,u58a8u83f2u7279,u77f3u5934u4eba,Malphite,str,mft,ryjs,rongyanjushou,mofeite,shitouren",5e610cf0-8c94-4446-ab25-162cc416d68f
55,u4e0du7965u4e4bu5203,Katarina,u5361u7279u7433u5a1c,"assassin,mage",0,4,3,9,8,https://game.gtimg.cn/images/lol/act/img/vo/choose/55.ogg,https://game.gtimg.cn/images/lol/act/img/vo/ban/55.ogg,0,0,u6539u52a8u82f1u96c4,3150,2500,,,"u4e0du7965u4e4bu5203,u5361u7279u7433u5a1c,u5361u7279,kt,ktln,bxzr,u4e0du8be6,bx,Katarina,buxiangzhiren,katelinna,kate,buxiang",c8593056-cdec-428b-b196-59d9ada7e3c7
56,u6c38u6052u68a6u9b47,Nocturne,u9b54u817e,"assassin,fighter",0,9,5,2,4,https://game.gtimg.cn/images/lol/act/img/vo/choose/56.ogg,https://game.gtimg.cn/images/lol/act/img/vo/ban/56.ogg,0,0,u65e0u6539u52a8,4800,3000,,,"u6c38u6052u68a6u9b47,u9b54u817e,noc,Nocturne,u68a6u9b47,my,yhmy,mt,yonghengmengyan,moteng,mengyan",3795a4c7-9400-4719-a493-598b6315b006
57,u626du66f2u6811u7cbe,Maokai,u8302u51ef,"tank,mage",0,3,8,6,3,https://game.gtimg.cn/images/lol/act/img/vo/choose/57.ogg,https://game.gtimg.cn/images/lol/act/img/vo/ban/57.ogg,0,0,u6539u52a8u82f1u96c4,4800,2500,,,"u626du66f2u6811u7cbe,u8302u51ef,u5927u6811,ds,mk,nqsj,Maokai,niuqushujing,maokai,dashu",6360f430-051d-4af4-adc2-99605279e689
58,u8352u6f20u5c60u592b,Renekton,u96f7u514bu987f,"fighter,tank",0,8,5,2,3,https://game.gtimg.cn/images/lol/act/img/vo/choose/58.ogg,https://game.gtimg.cn/images/lol/act/img/vo/ban/58.ogg,0,0,u65e0u6539u52a8,4800,3000,,,"u8352u6f20u5c60u592b,u9cc4u9c7c,u96f7u514bu987f,ey,lkd,mmtf,huangmotufu,eyu,leikedun",7963af57-7fdc-480d-b251-fe92592a63d1
59,u5fb7u739bu897fu4e9au7687u5b50,JarvanIV,u5609u6587u56dbu4e16,"tank,fighter",0,6,8,3,5,https://game.gtimg.cn/images/lol/act/img/vo/choose/59.ogg,https://game.gtimg.cn/images/lol/act/img/vo/ban/59.ogg,0,0,u6539u52a8u82f1u96c4,3150,2500,,,"u5fb7u739bu897fu4e9au7687u5b50,u5609u6587u56dbu4e16,u7687u5b50,u5609u6587,JarvanIV,jw,hz,dmxyhz,jwss,demaxiyahuangzi,jiawensishi,huangzi,jiawen",88432534-0298-4cbc-8f0a-94d84b6efefd
60,u8718u86dbu5973u7687,Elise,u4f0au8389u4e1d,"mage,fighter",0,6,5,7,9,https://game.gtimg.cn/images/lol/act/img/vo/choose/60.ogg,https://game.gtimg.cn/images/lol/act/img/vo/ban/60.ogg,0,0,u6539u52a8u82f1u96c4,4800,3000,,,"u8718u86dbu5973u7687,u4f0au8389u4e1d,u8718u86db,Elise,zz,zznh,yls,zhizhunvhuang,yilisi,zhizhu",1ac11ae0-82b0-4911-8f9f-742bfec302d0
61,u53d1u6761u9b54u7075,Orianna,u5965u8389u5b89u5a1c,"mage,support",0,4,3,9,7,https://game.gtimg.cn/images/lol/act/img/vo/choose/61.ogg,https://game.gtimg.cn/images/lol/act/img/vo/ban/61.ogg,0,0,u65e0u6539u52a8,6300,3000,,,"u53d1u6761u9b54u7075,u5965u8389u5b89u5a1c,u53d1u6761,Orianna,ftml,ft,alan,fatiaomoling,aolianna,fatiao",c483bd83-560c-4d9f-8fb4-7a637ffdc100
62,u9f50u5929u5927u5723,MonkeyKing,u5b59u609fu7a7a,"fighter,tank",0,8,5,2,3,https://game.gtimg.cn/images/lol/act/img/vo/choose/62.ogg,https://game.gtimg.cn/images/lol/act/img/vo/ban/62.ogg,0,0,u6539u52a8u82f1u96c4,3150,2500,,,"u9f50u5929u5927u5723,u5b59u609fu7a7a,MonkeyKing,u7334u5b50,hz,qtds,swk,qitiandasheng,sunwukong,houzi",fdb8b34a-6480-4af7-b81d-300fc22131ea
63,u590du4ec7u7130u9b42,Brand,u5e03u5170u5fb7,mage,0,2,2,9,4,https://game.gtimg.cn/images/lol/act/img/vo/choose/63.ogg,https://game.gtimg.cn/images/lol/act/img/vo/ban/63.ogg,0,0,u65e0u6539u52a8,450,1000,,,"u590du4ec7u7130u9b42,u5e03u5170u5fb7,u706bu7537,Brand,fuchouyanhun,bulande,huonan,cfyh,bld,hn",03123254-71ad-40c3-a8b6-c3370a4c13d4
64,u76f2u50e7,LeeSin,u674eu9752,"fighter,assassin",0,8,5,3,6,https://game.gtimg.cn/images/lol/act/img/vo/choose/64.ogg,https://game.gtimg.cn/images/lol/act/img/vo/ban/64.ogg,0,0,u6539u52a8u82f1u96c4,1350,2000,,,"u76f2u50e7,u778eu5b50,u674eu9752,lq,xz,ms,LeeSin,mangseng,xiazi,liqing",58166fc6-1571-47e1-884f-680ef6e7488e
67,u6697u591cu730eu624b,Vayne,u8587u6069,"marksman,assassin",0,10,1,1,8,https://game.gtimg.cn/images/lol/act/img/vo/choose/67.ogg,https://game.gtimg.cn/images/lol/act/img/vo/ban/67.ogg,0,0,u6539u52a8u82f1u96c4,3150,2500,,,"u6697u591cu730eu624b,u8587u6069,vn,Vayne,ve,ayls,anyelieshou,weien",de694962-59df-40a2-b4a1-8f23a22ec4e2
68,u673au68b0u516cu654c,Rumble,u5170u535a,"fighter,mage",0,3,6,8,10,https://game.gtimg.cn/images/lol/act/img/vo/choose/68.ogg,https://game.gtimg.cn/images/lol/act/img/vo/ban/68.ogg,0,0,u6539u52a8u82f1u96c4,4800,2500,,,"u673au68b0u516cu654c,u5170u535a,Rumble,lb,jxgd,jixiegongdi,lanbo",faba28b1-2a4a-4579-91d2-a6d963eed8c3
69,u9b54u86c7u4e4bu62e5,Cassiopeia,u5361u897fu5965u4f69u5a05,mage,0,2,3,9,10,https://game.gtimg.cn/images/lol/act/img/vo/choose/69.ogg,https://game.gtimg.cn/images/lol/act/img/vo/ban/69.ogg,0,0,u65e0u6539u52a8,4800,3500,,,"u9b54u86c7u4e4bu62e5,u5361u897fu5965u4f69u5a05,u86c7u5973,Cassiopeia,moshezhiyong,kaxiaopeiya,shenv,mszy,kxapy,sn",6731f6dc-4ad1-4704-aafe-d796372a7a46
72,u6c34u6676u5148u950b,Skarner,u65afu5361u7eb3,"fighter,tank",0,7,6,5,5,https://game.gtimg.cn/images/lol/act/img/vo/choose/72.ogg,https://game.gtimg.cn/images/lol/act/img/vo/ban/72.ogg,0,0,u65e0u6539u52a8,4800,2500,,,"u6c34u6676u5148u950b,u65afu5361u7eb3,skn,sjxf,u874eu5b50,xz,Skarner,shuijingxianfeng,sikana,xiezi",6e1a05d4-1fbc-44b0-9bdb-491991a74f04
74,u5927u53d1u660eu5bb6,Heimerdinger,u9ed1u9ed8u4e01u683c,"mage,support",0,2,6,8,8,https://game.gtimg.cn/images/lol/act/img/vo/choose/74.ogg,https://game.gtimg.cn/images/lol/act/img/vo/ban/74.ogg,0,0,u65e0u6539u52a8,3150,2500,,,"u5927u53d1u660eu5bb6,u9ed1u9ed8u4e01u683c,u5927u5934,Heimerdinger,dt,dfmj,hmdg,dafamingjia,heimodingge,datou",79bf64b1-1ec0-493c-be8c-80dd1ea1cda5
75,u6c99u6f20u6b7bu795e,Nasus,u5185u745fu65af,"fighter,tank",0,7,5,6,6,https://game.gtimg.cn/images/lol/act/img/vo/choose/75.ogg,https://game.gtimg.cn/images/lol/act/img/vo/ban/75.ogg,0,0,u65e0u6539u52a8,1350,2000,,,"u6c99u6f20u6b7bu795e,u5185u745fu65af,u72d7u5934,gt,nss,smss,Nasus,shamosishen,neisesi,goutou",ce5e3c57-ce74-44af-9df3-7d7018fad648
76,u72c2u91ceu5973u730eu624b,Nidalee,u5948u5fb7u4e3d,"assassin,mage",0,5,4,7,8,https://game.gtimg.cn/images/lol/act/img/vo/choose/76.ogg,https://game.gtimg.cn/images/lol/act/img/vo/ban/76.ogg,0,0,u65e0u6539u52a8,3150,2500,,,"u72c2u91ceu5973u730eu624b,u5948u5fb7u4e3d,u8c79u5973,bn,ndl,kynls,Nidalee,kuangyenvlieshou,naideli,baonv",a5d1a114-d48b-4e72-b11d-baa4de933bd4
77,u517du7075u884cu8005,Udyr,u4e4cu8feau5c14,"fighter,tank",0,8,7,4,7,https://game.gtimg.cn/images/lol/act/img/vo/choose/77.ogg,https://game.gtimg.cn/images/lol/act/img/vo/ban/77.ogg,0,0,u6539u52a8u82f1u96c4,1350,2000,,,"u517du7075u884cu8005,u4e4cu8feau5c14,Udyr,wde,slxz,UD,shoulingxingzhe,wudier",210171db-fb05-4556-a555-d53f628acd55
78,u5723u9524u4e4bu6bc5,Poppy,u6ce2u6bd4,"tank,fighter",0,6,7,2,6,https://game.gtimg.cn/images/lol/act/img/vo/choose/78.ogg,https://game.gtimg.cn/images/lol/act/img/vo/ban/78.ogg,0,0,u6539u52a8u82f1u96c4,450,1000,,,"u5723u9524u4e4bu6bc5,u6ce2u6bd4,bb,sczy,Poppy,shengchuizhiyi,bobi",0445e49b-5326-43e3-a667-ea4f2f6fb7db
79,u9152u6876,Gragas,u53e4u62c9u52a0u65af,"fighter,mage",0,4,7,6,5,https://game.gtimg.cn/images/lol/act/img/vo/choose/79.ogg,https://game.gtimg.cn/images/lol/act/img/vo/ban/79.ogg,0,0,u65e0u6539u52a8,3150,2500,,,"u9152u6876,u53e4u62c9u52a0u65af,u5564u9152u4eba,u8089u86cbu8471u9e21,Gragas,pjr,jt,gljs,rdcj,jiutong,gulajiasi,pijiuren,roudancongji",57955fb3-77c6-4457-a813-bc082f7bd4c6
80,u4e0du5c48u4e4bu67aa,Pantheon,u6f58u68ee,"fighter,assassin",0,9,4,3,4,https://game.gtimg.cn/images/lol/act/img/vo/choose/80.ogg,https://game.gtimg.cn/images/lol/act/img/vo/ban/80.ogg,0,0,u6539u52a8u82f1u96c4,1350,1500,,,"u4e0du5c48u4e4bu67aa,u6f58u68ee,Pantheon,PS,bqzq,buquzhiqiang,pansen",f0e3b553-51d5-4bcd-8a9a-4d7a30e9fa28
81,u63a2u9669u5bb6,Ezreal,u4f0au6cfdu745eu5c14,"marksman,mage",0,7,2,6,7,https://game.gtimg.cn/images/lol/act/img/vo/choose/81.ogg,https://game.gtimg.cn/images/lol/act/img/vo/ban/81.ogg,0,0,u65e0u6539u52a8,1350,2000,,,"u63a2u9669u5bb6,u4f0au6cfdu745eu5c14,ez,Ezreal,tanxianjia,yizeruier,txj,yzrr",d6df4a72-bfd6-4c07-96fe-d671f063cbc5
82,u94c1u94e0u51a5u9b42,Mordekaiser,u83abu5fb7u51efu6492,fighter,0,4,6,7,4,https://game.gtimg.cn/images/lol/act/img/vo/choose/82.ogg,https://game.gtimg.cn/images/lol/act/img/vo/ban/82.ogg,0,0,u65e0u6539u52a8,1350,1500,,,"u94c1u94e0u51a5u9b42,u83abu5fb7u51efu6492,u94c1u7537,Mordekaiser,tn,mdks,tkmh,tiekaiminghun,modekaisa,tienan",154e1bd3-e5fa-448b-b947-661c623b4b52
83,u7267u9b42u4eba,Yorick,u7ea6u91ccu514b,"fighter,tank",0,6,6,4,6,https://game.gtimg.cn/images/lol/act/img/vo/choose/83.ogg,https://game.gtimg.cn/images/lol/act/img/vo/ban/83.ogg,0,0,u6539u52a8u82f1u96c4,3150,2500,,,"u7267u9b42u4eba,u7ea6u91ccu514b,u6398u5893u4eba,jmr,mhr,ylk,Yorick,muhunren,yuelike,juemuren",71f3fd82-1dbb-40ef-8055-a0f2f2b9667f
84,u79bbu7fa4u4e4bu523a,Akali,u963fu5361u4e3d,assassin,0,5,3,8,7,https://game.gtimg.cn/images/lol/act/img/vo/choose/84.ogg,https://game.gtimg.cn/images/lol/act/img/vo/ban/84.ogg,0,0,u65e0u6539u52a8,3150,2500,,,"u963fu5361u4e3d,u79bbu7fa4u4e4bu523a,akali,liqunzhici,akl,lqzc",edbfe0c9-0c56-4fd7-9050-710eb5f24f87
85,u72c2u66b4u4e4bu5fc3,Kennen,u51efu5357,"mage,marksman",0,6,4,7,4,https://game.gtimg.cn/images/lol/act/img/vo/choose/85.ogg,https://game.gtimg.cn/images/lol/act/img/vo/ban/85.ogg,0,0,u6539u52a8u82f1u96c4,4800,2500,,,"u72c2u66b4u4e4bu5fc3,u51efu5357,kn,kbzx,Kennen,kuangbaozhixin,kainan",923c264b-07aa-4121-ac0a-fdc5b1156aef
86,u5fb7u739bu897fu4e9au4e4bu529b,Garen,u76d6u4f26,"fighter,tank",0,7,7,1,5,https://game.gtimg.cn/images/lol/act/img/vo/choose/86.ogg,https://game.gtimg.cn/images/lol/act/img/vo/ban/86.ogg,0,0,u65e0u6539u52a8,450,1000,,,"u5fb7u739bu897fu4e9au4e4bu529b,u76d6u4f26,u5927u5b9du5251,Garen,dbj,gl,dmxyzl,demaxiyazhili,gailun,dabaojian",4ce0327d-2689-4ff2-bd5c-c0710a0f94f6
89,u66d9u5149u5973u795e,Leona,u857eu6b27u5a1c,"tank,support",0,4,8,3,4,https://game.gtimg.cn/images/lol/act/img/vo/choose/89.ogg,https://game.gtimg.cn/images/lol/act/img/vo/ban/89.ogg,0,0,u6539u52a8u82f1u96c4,450,1000,,,"u66d9u5149u5973u795e,u857eu6b27u5a1c,u65e5u5973,u66d9u5149,u5973u5766,nt,rn,sg,lon,sgns,shuguangnvshen,leiouna,rinv,shuguang,Leona,nvtan",9e39e1f2-33de-4e0e-9b91-4fc1d5a1533d
90,u865au7a7au5148u77e5,Malzahar,u739bu5c14u624eu54c8,"mage,assassin",0,2,2,9,6,https://game.gtimg.cn/images/lol/act/img/vo/choose/90.ogg,https://game.gtimg.cn/images/lol/act/img/vo/ban/90.ogg,0,0,u65e0u6539u52a8,4800,3000,,,"u865au7a7au5148u77e5,u739bu5c14u624eu54c8,u8682u86b1,u9a6cu5c14u624eu54c8,Malzahar,mz,mezh,xkxz,xukongxianzhi,maerzhaha,mazha,maerzhaha",347566b6-52bb-4e89-87da-d954477a1ba9
91,u5200u950bu4e4bu5f71,Talon,u6cf0u9686,assassin,0,9,3,1,7,https://game.gtimg.cn/images/lol/act/img/vo/choose/91.ogg,https://game.gtimg.cn/images/lol/act/img/vo/ban/91.ogg,0,0,u6539u52a8u82f1u96c4,3150,2500,,,"u5200u950bu4e4bu5f71,u7537u5200,u6cf0u9686,tl,nd,dfzy,Talon,daofengzhiying,nandao,tailong",b6447476-7126-4fa8-b6f3-6d1550801b0a
92,u653eu9010u4e4bu5203,Riven,u9510u96ef,"fighter,assassin",0,8,5,1,8,https://game.gtimg.cn/images/lol/act/img/vo/choose/92.ogg,https://game.gtimg.cn/images/lol/act/img/vo/ban/92.ogg,0,0,u6539u52a8u82f1u96c4,4800,3500,,,"u653eu9010u4e4bu5203,u9510u96ef,Riven,rw,fzzr,fangzhuzhiren,ruiwen",0677b45f-05a1-4286-820e-904397c78cfa
96,u6df1u6e0au5de8u53e3,KogMaw,u514bu683cu83ab,"marksman,mage",0,8,2,5,6,https://game.gtimg.cn/images/lol/act/img/vo/choose/96.ogg,https://game.gtimg.cn/images/lol/act/img/vo/ban/96.ogg,0,0,u6539u52a8u82f1u96c4,4800,2000,,,"u6df1u6e0au5de8u53e3,u514bu683cu83ab,u5927u5634,KogMaw,dz,kgm,syjk,shenyuanjukou,kegemo,dazui",ffe92c73-6d4c-450a-bf73-3bc0d416bc5c
98,u66aeu5149u4e4bu773c,Shen,u614e,tank,0,3,9,3,4,https://game.gtimg.cn/images/lol/act/img/vo/choose/98.ogg,https://game.gtimg.cn/images/lol/act/img/vo/ban/98.ogg,0,0,u65e0u6539u52a8,3150,2000,,,"u66aeu5149u4e4bu773c,u614e,yaozi,s,mgzy,Shen,muguangzhiyan,shen",4b396940-9d0f-4b67-8c48-b48d13fe5d12
99,u5149u8f89u5973u90ce,Lux,u62c9u514bu4e1d,"mage,support",0,2,4,9,5,https://game.gtimg.cn/images/lol/act/img/vo/choose/99.ogg,https://game.gtimg.cn/images/lol/act/img/vo/ban/99.ogg,0,0,u65e0u6539u52a8,450,1000,,,"u5149u8f89u5973u90ce,u62c9u514bu4e1d,u5149u8f89,lux,lks,gh,ghnl,guanghuinvlang,lakesi,guanghui",6b4aecb3-8ca4-4ad8-8085-2e161014d0c3
101,u8fdcu53e4u5debu7075,Xerath,u6cfdu62c9u65af,mage,0,1,3,10,8,https://game.gtimg.cn/images/lol/act/img/vo/choose/101.ogg,https://game.gtimg.cn/images/lol/act/img/vo/ban/101.ogg,0,0,u65e0u6539u52a8,1350,2000,,,"u8fdcu53e4u5debu7075,u6cfdu62c9u65af,guancaiban,gbc,zls,ygwl,Xerath,yuanguwuling,zelasi",72ed9e0c-570a-4d97-a9ef-15c8b488add7
102,u9f99u8840u6b66u59ec,Shyvana,u5e0cu74e6u5a1c,"fighter,tank",0,8,6,3,4,https://game.gtimg.cn/images/lol/act/img/vo/choose/102.ogg,https://game.gtimg.cn/images/lol/act/img/vo/ban/102.ogg,0,0,u65e0u6539u52a8,3150,2500,,,"u9f99u8840u6b66u59ec,u9f99u5973,u5e0cu74e6u5a1c,ln,xwn,lxwj,Shyvana,longxuewuji,longnv,xiwana",0b591b96-6840-4c00-a1c6-e087550d903a
103,u4e5du5c3eu5996u72d0,Ahri,u963fu72f8,"mage,assassin",0,3,4,8,5,https://game.gtimg.cn/images/lol/act/img/vo/choose/103.ogg,https://game.gtimg.cn/images/lol/act/img/vo/ban/103.ogg,0,0,u65e0u6539u52a8,3150,2500,,,"u4e5du5c3e,u4e5du5c3eu5996u72d0,u72d0u72f8,u963fu72f8,jiuwei,jiuweiyaohu,huli,ali,ahri,jwyh,al,hl,jw",9bb28454-55ae-4cbe-9adb-c0fcd878680d
104,u6cd5u5916u72c2u5f92,Graves,u683cu96f7u798fu65af,marksman,0,8,5,3,3,https://game.gtimg.cn/images/lol/act/img/vo/choose/104.ogg,https://game.gtimg.cn/images/lol/act/img/vo/ban/104.ogg,0,0,u6539u52a8u82f1u96c4,4800,3500,,,"u6cd5u5916u72c2u5f92,u683cu96f7u798fu65af,u7537u67aa,Graves,nq,glfs,fwkt,fawaikuangtu,geleifusi,nanqiang",c71689e5-7fb3-4e77-b5de-83451d26beb5
105,u6f6eu6c50u6d77u7075,Fizz,u83f2u5179,"assassin,fighter",0,6,4,7,6,https://game.gtimg.cn/images/lol/act/img/vo/choose/105.ogg,https://game.gtimg.cn/images/lol/act/img/vo/ban/105.ogg,0,0,u6539u52a8u82f1u96c4,1350,2000,,,"u6f6eu6c50u6d77u7075,u83f2u5179,u5c0fu9c7cu4eba,Fizz,fz,xyr,cxhl,chaoxihailing,feizi,xiaoyuren",4decefc7-5a59-42e1-a0e1-55bec5d33bfb
106,u4e0du706du72c2u96f7,Volibear,u6c83u5229u8d1du5c14,"fighter,tank",0,7,7,4,3,https://game.gtimg.cn/images/lol/act/img/vo/choose/106.ogg,https://game.gtimg.cn/images/lol/act/img/vo/ban/106.ogg,0,0,u6539u52a8u82f1u96c4,1350,2000,,,"u4e0du706du72c2u96f7,u6c83u5229u8d1du5c14,Volibear,u72d7u718a,gx,wlbe,bmkl,bumiekuanglei,wolibeier,gouxiong",5abeea1b-2e1e-4753-8b38-f1d96624a42d
107,u50b2u4e4bu8ffdu730eu8005,Rengar,u96f7u6069u52a0u5c14,"assassin,fighter",0,7,4,2,8,https://game.gtimg.cn/images/lol/act/img/vo/choose/107.ogg,https://game.gtimg.cn/images/lol/act/img/vo/ban/107.ogg,0,0,u65e0u6539u52a8,4800,3500,,,"u50b2u4e4bu8ffdu730eu8005,u72eeu5b50u72d7,u96f7u6069u52a0u5c14,szg,leje,azzlz,Rengar,aozhizhuiliezhe,shizigou,leienjiaer",a679dc16-aaae-4aa7-9b65-ab2d6c285c78
110,u60e9u6212u4e4bu7bad,Varus,u97e6u9c81u65af,"marksman,mage",0,7,3,4,2,https://game.gtimg.cn/images/lol/act/img/vo/choose/110.ogg,https://game.gtimg.cn/images/lol/act/img/vo/ban/110.ogg,0,0,u65e0u6539u52a8,4800,3500,,,"u60e9u6212u4e4bu7bad,u97e6u9c81u65af,u7ef4u9c81u65af,wls,cjzj,Varus,chengjiezhijian,weilusi",ece59264-746f-47d3-852f-869bc7e9bef1
111,u6df1u6d77u6cf0u5766,Nautilus,u8bfau63d0u52d2u65af,"tank,support",0,4,6,6,6,https://game.gtimg.cn/images/lol/act/img/vo/choose/111.ogg,https://game.gtimg.cn/images/lol/act/img/vo/ban/111.ogg,0,0,u6539u52a8u82f1u96c4,4800,2500,,,"u6df1u6d77u6cf0u5766,u8bfau63d0u52d2u65af,u6cf0u5766,Nautilus,tt,ntls,shtt,shenhaitaitan,nuotileisi,taitan",f11b0404-5847-4066-980b-bb02cc24cddd
112,u673au68b0u5148u9a71,Viktor,u7ef4u514bu6258,mage,0,2,4,10,9,https://game.gtimg.cn/images/lol/act/img/vo/choose/112.ogg,https://game.gtimg.cn/images/lol/act/img/vo/ban/112.ogg,0,0,u65e0u6539u52a8,3150,2500,,,"u673au68b0u5148u9a71,u7ef4u514bu6258,u4e09u53eau624b,szs,wkt,jxxq,Viktor,jixiexianqu,weiketuo,sanzhishou",ebad70bd-37e4-4c0b-80a3-fd2f7f12445b
113,u5317u5730u4e4bu6012,Sejuani,u745fu5e84u59ae,"tank,fighter",0,5,7,6,4,https://game.gtimg.cn/images/lol/act/img/vo/choose/113.ogg,https://game.gtimg.cn/images/lol/act/img/vo/ban/113.ogg,0,0,u6539u52a8u82f1u96c4,450,1000,,,"u5317u5730u4e4bu6012,u732au59b9,u745fu5e84u59ae,zm,szn,bdzn,Sejuani,beidizhinu,zhumei,sezhuangni",e469b406-d7ee-4c7a-b4cb-cfe5571731f9
114,u65e0u53ccu5251u59ec,Fiora,u83f2u5965u5a1c,"fighter,assassin",0,10,4,2,3,https://game.gtimg.cn/images/lol/act/img/vo/choose/114.ogg,https://game.gtimg.cn/images/lol/act/img/vo/ban/114.ogg,0,0,u65e0u6539u52a8,4800,3500,,,"u65e0u53ccu5251u59ec,u83f2u5965u5a1c,u5251u59ec,Fiora,jj,wsjj,fan,wushuangjianji,feiaona,jianji",8a55878a-be01-466a-a39a-b72fe3c1ace4
115,u7206u7834u9b3cu624d,Ziggs,u5409u683cu65af,mage,0,2,4,9,4,https://game.gtimg.cn/images/lol/act/img/vo/choose/115.ogg,https://game.gtimg.cn/images/lol/act/img/vo/ban/115.ogg,0,0,u65e0u6539u52a8,4800,3500,,,"u7206u7834u9b3cu624d,u70b8u5f39u4eba,u5409u683cu65af,Ziggs,jgs,zdr,bpgc,baopoguicai,zhadanren,jigesi",0b451158-eaaa-4e2c-8bd9-48bb29e2a60e
117,u4ed9u7075u5973u5deb,Lulu,u7490u7490,"support,mage",0,4,5,7,5,https://game.gtimg.cn/images/lol/act/img/vo/choose/117.ogg,https://game.gtimg.cn/images/lol/act/img/vo/ban/117.ogg,0,0,u65e0u6539u52a8,4800,3500,,,"u4ed9u7075u5973u5deb,u7490u7490,ll,xlnw,Lulu,xianlingnvwu,lulu",84aa3898-f8fb-408f-88be-d2fb0ea5f7b3
119,u8363u8000u884cu5211u5b98,Draven,u5fb7u83b1u6587,marksman,0,9,3,1,8,https://game.gtimg.cn/images/lol/act/img/vo/choose/119.ogg,https://game.gtimg.cn/images/lol/act/img/vo/ban/119.ogg,0,0,u65e0u6539u52a8,4800,3500,,,"u8363u8000u884cu5211u5b98,u5fb7u83b1u6587,Draven,rongyaoxingxingguan,delaiwen,ryxxg,dlw",f58e8c85-9100-4cb7-abab-2635f9d4a787
120,u6218u4e89u4e4bu5f71,Hecarim,u8d6bu5361u91ccu59c6,"fighter,tank",0,8,6,4,6,https://game.gtimg.cn/images/lol/act/img/vo/choose/120.ogg,https://game.gtimg.cn/images/lol/act/img/vo/ban/120.ogg,0,0,u65e0u6539u52a8,4800,3500,,,"u6218u4e89u4e4bu5f71,u8d6bu5361u91ccu59c6,u4ebau9a6c,Hecarim,rm,zzzy,hlkm,zhanzhengzhiying,hekalimu,renma",fb19ce54-e50a-42f5-919b-79d1700f4f31
121,u865au7a7au63a0u593au8005,Khazix,u5361u5179u514b,assassin,0,9,4,3,6,https://game.gtimg.cn/images/lol/act/img/vo/choose/121.ogg,https://game.gtimg.cn/images/lol/act/img/vo/ban/121.ogg,0,0,u6539u52a8u82f1u96c4,4800,3500,,,"u865au7a7au63a0u593au8005,u87b3u8782,u5361u5179u514b,kzk,tl,xkldz,Khazix,xukonglueduozhe,tanglang,kazike",c7c9f5bd-1ad9-4f83-9671-692a1932dd9b
122,u8bfau514bu8428u65afu4e4bu624b,Darius,u5fb7u83b1u5384u65af,"fighter,tank",0,9,5,1,2,https://game.gtimg.cn/images/lol/act/img/vo/choose/122.ogg,https://game.gtimg.cn/images/lol/act/img/vo/ban/122.ogg,0,0,u65e0u6539u52a8,450,1000,,,"u8bfau514bu8428u65afu4e4bu624b,u5fb7u83b1u5384u65af,u8bfau624b,Darius,nuokesasizhishou,delaiesi,nuoshou,nksszs,ns,dles",9571230c-3d21-4e57-aed5-1e8897e4e1a7
126,u672au6765u5b88u62a4u8005,Jayce,u6770u65af,"fighter,marksman",0,8,4,3,7,https://game.gtimg.cn/images/lol/act/img/vo/choose/126.ogg,https://game.gtimg.cn/images/lol/act/img/vo/ban/126.ogg,0,0,u65e0u6539u52a8,4800,3500,,,"u672au6765u5b88u62a4u8005,u6770u65af,Jayce,js,wlshz,weilaishouhuzhe,jiesi",37bdbc12-9ccd-4e96-a07c-0e95160ad05f
127,u51b0u971cu5973u5deb,Lissandra,u4e3du6851u5353,mage,0,2,5,8,6,https://game.gtimg.cn/images/lol/act/img/vo/choose/127.ogg,https://game.gtimg.cn/images/lol/act/img/vo/ban/127.ogg,0,0,u65e0u6539u52a8,6300,3000,,,"u51b0u971cu5973u5deb,u51b0u5973,u4e3du6851u5353,Lissandra,bn,lsz,bsnw,bingshuangnvwu,bingnv,lisangzhuo",d66b879a-d9e0-4248-b18b-00cce9817718
131,u768eu6708u5973u795e,Diana,u9edbu5b89u5a1c,"fighter,mage",0,7,6,8,4,https://game.gtimg.cn/images/lol/act/img/vo/choose/131.ogg,https://game.gtimg.cn/images/lol/act/img/vo/ban/131.ogg,0,0,u65e0u6539u52a8,450,1000,,,"u768eu6708u5973u795e,u9edbu5b89u5a1c,u768eu6708,Diana,jiaoyuenvshen,daianna,jiaoyue,jy,dan,jyns",39fd48d9-3895-4b2f-858b-02b5243c788c
133,u5fb7u739bu897fu4e9au4e4bu7ffc,Quinn,u594eu56e0,"marksman,assassin",0,9,4,2,5,https://game.gtimg.cn/images/lol/act/img/vo/choose/133.ogg,https://game.gtimg.cn/images/lol/act/img/vo/ban/133.ogg,0,0,u65e0u6539u52a8,6300,4500,,,"u5fb7u739bu897fu4e9au4e4bu7ffc,u594eu56e0,u9e1fu4eba,ky,dmxyzz,Quinn,nr,demaxiyazhiyi,kuiyin,niaoren",911a5633-b453-4848-886d-8cb3b7d61ac0
134,u6697u9ed1u5143u9996,Syndra,u8f9bu5fb7u62c9,mage,0,2,3,9,8,https://game.gtimg.cn/images/lol/act/img/vo/choose/134.ogg,https://game.gtimg.cn/images/lol/act/img/vo/ban/134.ogg,0,0,u65e0u6539u52a8,3150,2500,,,"u6697u9ed1u5143u9996,u7403u5973,u8f9bu5fb7u62c9,qn,xdl,ahyy,Syndra,anheiyuanshou,qiunv,xindela",66062b25-6352-4727-b23f-7c05e1c2ebc8
136,u94f8u661fu9f99u738b,AurelionSol,u5965u745eu5229u5b89u7d22u5c14,mage,0,2,3,8,7,https://game.gtimg.cn/images/lol/act/img/vo/choose/136.ogg,https://game.gtimg.cn/images/lol/act/img/vo/ban/136.ogg,0,0,u6539u52a8u82f1u96c4,4800,3500,,,"u94f8u661fu9f99u738b,u5965u745eu5229u5b89u7d22u5c14,u7d22u5c14,u9f99u738b,AurelionSol,zhuxinglongwang,aoruiliansuoer,suoer,longwang,zxlw,lw,se,arlasr",f567fd40-ffc3-4afa-b3a8-750f1e8afa53
141,u5f71u6d41u4e4bu9570,Kayn,u51efu9690,"fighter,assassin",0,10,6,1,8,https://game.gtimg.cn/images/lol/act/img/vo/choose/141.ogg,https://game.gtimg.cn/images/lol/act/img/vo/ban/141.ogg,0,0,u6539u52a8u82f1u96c4,3150,2500,,,"u5f71u6d41u4e4bu9570,u51efu9690,ky,ylzl,Kayn,yingliuzhilian,kaiyin",ac8f85fc-82d8-4655-a42e-ca41f85aab0c
142,u66aeu5149u661fu7075,Zoe,u4f50u4f0a,"mage,support",0,1,7,8,5,https://game.gtimg.cn/images/lol/act/img/vo/choose/142.ogg,https://game.gtimg.cn/images/lol/act/img/vo/ban/142.ogg,0,0,u65e0u6539u52a8,4800,3500,,,"u66aeu5149u661fu7075,u4f50u4f0a,zy,mgxl,Zoe,muguangxingling,zuoyi",162f5cf3-94db-4af0-8f5f-7cb6cbf7fd35
143,u8346u68d8u4e4bu5174,Zyra,u5a55u62c9,"mage,support",0,4,3,8,7,https://game.gtimg.cn/images/lol/act/img/vo/choose/143.ogg,https://game.gtimg.cn/images/lol/act/img/vo/ban/143.ogg,0,0,u65e0u6539u52a8,3150,2500,,,"u8346u68d8u4e4bu5174,u5a55u62c9,jl,jjzx,Zyra,jingjizhixing,jiela",1606dc43-eea8-49f0-ac65-70459357fc04
145,u865au7a7au4e4bu5973,Kaisa,u5361u838e,marksman,0,8,5,3,6,https://game.gtimg.cn/images/lol/act/img/vo/choose/145.ogg,https://game.gtimg.cn/images/lol/act/img/vo/ban/145.ogg,0,0,u65e0u6539u52a8,1350,2000,,,"u865au7a7au4e4bu5973,u5361u838e,ks,xkzn,Kaisa,xukongzhinv,kasha",ae541f5f-864a-4593-ac6b-1523e75d0ef7
147,u661fu7c41u6b4cu59ec,Seraphine,u8428u52d2u82acu59ae,"mage,support",0,0,0,0,0,https://game.gtimg.cn/images/lol/act/img/vo/choose/147.ogg,https://game.gtimg.cn/images/lol/act/img/vo/ban/147.ogg,0,0,u65e0u6539u52a8,3150,2500,,,"u8428u52d2u82acu59ae,u661fu7c41u6b4cu59ec,Seraphine,saleifenni,xinglaigeji",16a01f31-d028-4e53-93be-1846e8614ab6
150,u8ff7u5931u4e4bu7259,Gnar,u7eb3u5c14,"fighter,tank",0,6,5,5,8,https://game.gtimg.cn/images/lol/act/img/vo/choose/150.ogg,https://game.gtimg.cn/images/lol/act/img/vo/ban/150.ogg,0,0,u65e0u6539u52a8,6300,4500,,,"u8ff7u5931u4e4bu7259,u7eb3u5c14,Gnar,ne,mszy,mishizhiya,naer",db03756a-efa1-434d-a737-d07f98551361
154,u751fu5316u9b54u4eba,Zac,u624eu514b,"tank,fighter",0,3,7,7,8,https://game.gtimg.cn/images/lol/act/img/vo/choose/154.ogg,https://game.gtimg.cn/images/lol/act/img/vo/ban/154.ogg,0,0,u6539u52a8u82f1u96c4,4800,3000,,,"u751fu5316u9b54u4eba,u624eu514b,Zac,shenghuamoren,zhake,zk,shmr",c05df0bb-acf3-4f29-a3c4-58c0544dca40
157,u75beu98ceu5251u8c6a,Yasuo,u4e9au7d22,"fighter,assassin",0,8,4,4,10,https://game.gtimg.cn/images/lol/act/img/vo/choose/157.ogg,https://game.gtimg.cn/images/lol/act/img/vo/ban/157.ogg,0,0,u6539u52a8u82f1u96c4,1350,2000,,,"u75beu98ceu5251u8c6a,u5251u8c6a,u4e9au7d22,Yasuo,ys,jh,jfjh,jifengjianhao,jianhao,yasuo",23b8e9d6-e81c-47fa-9b96-491dd2d1f2d2
161,u865au7a7au4e4bu773c,Velkoz,u7ef4u514bu5179,mage,0,2,2,10,8,https://game.gtimg.cn/images/lol/act/img/vo/choose/161.ogg,https://game.gtimg.cn/images/lol/act/img/vo/ban/161.ogg,0,0,u65e0u6539u52a8,6300,4500,,,"u865au7a7au4e4bu773c,u5927u773c,u7ef4u514bu5179,wkz,dy,xkzy,Velkoz,xukongzhiyan,dayan,weikezi",17ec51b9-fc6d-4031-8c1c-086e9cea46c6
163,u5ca9u96c0,Taliyah,u5854u8389u57ad,"mage,support",0,1,7,8,5,https://game.gtimg.cn/images/lol/act/img/vo/choose/163.ogg,https://game.gtimg.cn/images/lol/act/img/vo/ban/163.ogg,0,0,u65e0u6539u52a8,4800,3500,,,"u5ca9u96c0,u5c0fu9e1f,u5854u8389u57ad,tly,xn,yq,Taliyah,yanque,xiaoniao,taliya",990a9ec0-6b2d-4beb-9ad5-9569b73515e9
164,u9752u94a2u5f71,Camille,u5361u871cu5c14,"fighter,tank",0,8,6,3,4,https://game.gtimg.cn/images/lol/act/img/vo/choose/164.ogg,https://game.gtimg.cn/images/lol/act/img/vo/ban/164.ogg,0,0,u65e0u6539u52a8,4800,3500,,,"u9752u94a2u5f71,u5361u871cu5c14,u5361u5bc6u5c14,Camille,u817fu5973,qinggangying,kamier,kamier,tuinv,qgy,kme,tn",1418505c-d1fe-4deb-9566-03856ee618cc
166,u5f71u54e8,Akshan,u963fu514bu5c1a,"marksman,assassin",0,0,0,0,0,https://game.gtimg.cn/images/lol/act/img/vo/choose/166.ogg,https://game.gtimg.cn/images/lol/act/img/vo/ban/166.ogg,0,0,u65e0u6539u52a8,4800,3500,,,"u5f71u54e8,u963fu514bu5c1a,u963fu514b,u963f,yingshao,akeshang,ake,a",957f3bd3-08fa-4ebb-9e5e-7c0e89268a5a
200,u865au7a7au5973u7687,Belveth,u5351u5c14u7ef4u65af,fighter,0,4,2,7,10,https://game.gtimg.cn/images/lol/act/img/vo/choose/200.ogg,https://game.gtimg.cn/images/lol/act/img/vo/ban/200.ogg,0,0,u6539u52a8u82f1u96c4,4800,3500,,,"u865au7a7au5973u7687,Belveth,u5351u5c14u7ef4u65af,xukongnvhuang,beierweisi",422d6dd0-ea4f-466a-9505-c18ee2bb576c
201,u5f17u96f7u5c14u5353u5fb7u4e4bu5fc3,Braum,u5e03u9686,"support,tank",0,3,9,4,3,https://game.gtimg.cn/images/lol/act/img/vo/choose/201.ogg,https://game.gtimg.cn/images/lol/act/img/vo/ban/201.ogg,0,0,u6539u52a8u82f1u96c4,3150,2500,,,"u5f17u96f7u5c14u5353u5fb7u4e4bu5fc3,u5e03u9686,bl,Braum,flezdzx,fuleierzhuodezhixin,bulong",ba91a0b4-3293-4c18-8fa4-248c4350d454
202,u620fu547du5e08,Jhin,u70ec,"marksman,mage",0,10,2,6,6,https://game.gtimg.cn/images/lol/act/img/vo/choose/202.ogg,https://game.gtimg.cn/images/lol/act/img/vo/ban/202.ogg,0,0,u65e0u6539u52a8,4444,3500,,,"u620fu547du5e08,u70ec,Jhin,j,xms,ximingshi,jin",bba22fd5-322f-408a-a776-34f60fdd85eb
203,u6c38u730eu53ccu5b50,Kindred,u5343u73cf,marksman,0,8,2,2,4,https://game.gtimg.cn/images/lol/act/img/vo/choose/203.ogg,https://game.gtimg.cn/images/lol/act/img/vo/ban/203.ogg,0,0,u65e0u6539u52a8,4800,3500,,,"u6c38u730eu53ccu5b50,u5343u73cf,Kindred,qj,ylsz,yonglieshuangzi,qianjue",844e1768-7e73-4f00-ae24-50c285d28313
221,u7956u5b89u82b1u706b,Zeri,u6cfdu4e3d,marksman,0,8,5,3,6,https://game.gtimg.cn/images/lol/act/img/vo/choose/221.ogg,https://game.gtimg.cn/images/lol/act/img/vo/ban/221.ogg,0,0,u6539u52a8u82f1u96c4,6300,4500,,,"u7956u5b89u82b1u706b,u6cfdu4e3d,zeri,Zeri,zuanhuahuo,zeli",9b7fd1ec-bdfd-4c86-86b6-16fd292d2ca4
222,u66b4u8d70u841du8389,Jinx,u91d1u514bu4e1d,marksman,0,9,2,4,6,https://game.gtimg.cn/images/lol/act/img/vo/choose/222.ogg,https://game.gtimg.cn/images/lol/act/img/vo/ban/222.ogg,0,0,u6539u52a8u82f1u96c4,3150,2500,,,"u66b4u8d70u841du8389,u841du8389,u91d1u514bu4e1d,Jinx,jks,ll,bzll,baozouluoli,luoli,jinkesi,u91d1u514bu4e1d",e0bf4d3b-b792-41a7-9326-6eac112b69e3
223,u6cb3u6d41u4e4bu738b,TahmKench,u5854u59c6,"support,tank",0,3,9,6,5,https://game.gtimg.cn/images/lol/act/img/vo/choose/223.ogg,https://game.gtimg.cn/images/lol/act/img/vo/ban/223.ogg,0,0,u65e0u6539u52a8,6300,4500,,,"u6cb3u6d41u4e4bu738b,hama,u5854u59c6,tm,hlzw,TahmKench,heliuzhiwang,tamu",ff466a1d-5aaf-4341-9c90-5bd21c90d4b7
234,u7834u8d25u4e4bu738b,Viego,u4f5bu8036u6208,"assassin,fighter",0,6,4,2,5,https://game.gtimg.cn/images/lol/act/img/vo/choose/234.ogg,https://game.gtimg.cn/images/lol/act/img/vo/ban/234.ogg,0,0,u6539u52a8u82f1u96c4,4800,3500,,,"u7834u8d25u4e4bu738b,u4f5bu8036u6208,u7834u8d25,u4f5b,pobaizhiwang,fuyege,pobai,fu",d37050e3-9d0a-4586-b014-3236d754445b
235,u6da4u9b42u5723u67aa,Senna,u8d5bu5a1c,"marksman,support",0,7,2,6,7,https://game.gtimg.cn/images/lol/act/img/vo/choose/235.ogg,https://game.gtimg.cn/images/lol/act/img/vo/ban/235.ogg,0,0,u65e0u6539u52a8,3150,2500,,,"u6da4u9b42u5723u67aa,u8d5bu5a1c,u5976u67aa,Senna,nq,sn,qhsq,dihunshengqiang,saina,naiqiang",0e60be6b-1fdf-4290-9b0d-7c9144f6b13e
236,u5723u67aau6e38u4fa0,Lucian,u5362u9521u5b89,marksman,0,8,5,3,6,https://game.gtimg.cn/images/lol/act/img/vo/choose/236.ogg,https://game.gtimg.cn/images/lol/act/img/vo/ban/236.ogg,0,0,u65e0u6539u52a8,1350,2000,,,"u5723u67aau6e38u4fa0,u5362u9521u5b89,u5965u5df4u9a6c,Lucian,abm,lxa,sqyx,shengqiangyouxia,luxian,aobama",ec9eb704-8d0d-47a0-99b6-44d2707860d0
238,u5f71u6d41u4e4bu4e3b,Zed,u52ab,assassin,0,9,2,1,7,https://game.gtimg.cn/images/lol/act/img/vo/choose/238.ogg,https://game.gtimg.cn/images/lol/act/img/vo/ban/238.ogg,0,0,u65e0u6539u52a8,1350,2000,,,"u5f71u6d41u4e4bu4e3b,u52ab,j,ylzz,Zed,yingliuzhizhu,jie",65880cdc-1af0-41e5-9c22-ab1518702402
240,u66b4u6012u9a91u58eb,Kled,u514bu70c8,"fighter,tank",0,8,2,2,7,https://game.gtimg.cn/images/lol/act/img/vo/choose/240.ogg,https://game.gtimg.cn/images/lol/act/img/vo/ban/240.ogg,0,0,u65e0u6539u52a8,4800,3500,,,"u66b4u6012u9a91u58eb,u514bu70c8,kl,bnqs,baonuqishi,kelie",7a7d5020-9cca-40fc-b383-fcfcdec38aa5
245,u65f6u95f4u523au5ba2,Ekko,u827eu514b,"assassin,fighter",0,5,3,7,8,https://game.gtimg.cn/images/lol/act/img/vo/choose/245.ogg,https://game.gtimg.cn/images/lol/act/img/vo/ban/245.ogg,0,0,u65e0u6539u52a8,3150,2500,,,"u65f6u95f4u523au5ba2,u827eu514b,Ekko,shijiancike,aike,ak,sjck",6102156a-fd31-4da4-9c42-8c5865d6d8fe
246,u5143u7d20u5973u7687,Qiyana,u5947u4e9au5a1c,"assassin,fighter",0,0,2,4,8,https://game.gtimg.cn/images/lol/act/img/vo/choose/246.ogg,https://game.gtimg.cn/images/lol/act/img/vo/ban/246.ogg,0,0,u6539u52a8u82f1u96c4,4800,3500,,,"u5143u7d20u5973u7687,u5947u4e9au5a1c,qyn,ysnh,Qiyana,yuansunvhuang,qiyana",0dd4b6f5-c508-4afb-bf3f-cd9a6f2c0fbf
254,u76aeu57ceu6267u6cd5u5b98,Vi,u851a,"fighter,assassin",0,8,5,3,4,https://game.gtimg.cn/images/lol/act/img/vo/choose/254.ogg,https://game.gtimg.cn/images/lol/act/img/vo/ban/254.ogg,0,0,u6539u52a8u82f1u96c4,1350,2000,,,"u76aeu57ceu6267u6cd5u5b98,u62f3u5973,u851a,v,qv,pczfg,Vi,pichengzhifaguan,quannv,wei",92bb5eb6-1259-4591-b06f-10d6e36b59b8
266,u6697u88d4u5251u9b54,Aatrox,u4e9au6258u514bu65af,"fighter,tank",0,8,4,3,4,https://game.gtimg.cn/images/lol/act/img/vo/choose/266.ogg,https://game.gtimg.cn/images/lol/act/img/vo/ban/266.ogg,0,0,u6539u52a8u82f1u96c4,4800,3500,,,"u5251u9b54,u4e9au6258u514bu65af,u6697u88d4u5251u9b54,jianmo,yatuokesi,anyijianmo,Aatrox,jm,ayjm,ytks",3a2a3fff-0e45-4e43-971f-dd14c0bb578b
267,u5524u6f6eu9c9bu59ec,Nami,u5a1cu7f8e,"support,mage",0,4,3,7,5,https://game.gtimg.cn/images/lol/act/img/vo/choose/267.ogg,https://game.gtimg.cn/images/lol/act/img/vo/ban/267.ogg,0,0,u65e0u6539u52a8,4800,3500,,,"u5524u6f6eu9c9bu59ec,u9c9bu59ec,u5a1cu7f8e,nm,jj,hcjj,Nami,huanchaojiaoji,jiaoji,namei",d86231b1-1daf-40db-9647-3c1bb3ad974a
268,u6c99u6f20u7687u5e1d,Azir,u963fu5179u5c14,"mage,marksman",0,6,3,8,9,https://game.gtimg.cn/images/lol/act/img/vo/choose/268.ogg,https://game.gtimg.cn/images/lol/act/img/vo/ban/268.ogg,0,0,u6539u52a8u82f1u96c4,6300,4500,,,"u6c99u6f20u7687u5e1d,u963fu5179u5c14,u6c99u7687,Azir,shamohuangdi,azier,shahuang,smhd,aze,sh",41d4cdd8-0f29-4fd7-a849-2b8f478da4b5
350,u9b54u6cd5u732bu54aa,Yuumi,u60a0u7c73,"support,mage",0,5,1,8,2,https://game.gtimg.cn/images/lol/act/img/vo/choose/350.ogg,https://game.gtimg.cn/images/lol/act/img/vo/ban/350.ogg,0,0,u6539u52a8u82f1u96c4,450,1000,,,"u9b54u6cd5u732bu54aa,u732b,u732bu54aa,u60a0u7c73,cat,m,mm,mfmm,ym,Yuumi,mofamaomi,mao,maomi,youmi",ed290b55-a9b3-4bb6-88e5-5ce219c29191
360,u6c99u6f20u73abu7470,Samira,u838eu5f25u62c9,marksman,0,8,5,3,6,https://game.gtimg.cn/images/lol/act/img/vo/choose/360.ogg,https://game.gtimg.cn/images/lol/act/img/vo/ban/360.ogg,0,0,u6539u52a8u82f1u96c4,3150,2500,,,"u838eu5f25u62c9,u6c99u6f20u73abu7470,Samira,sml,smmg,shamila,shamomeigui",a23babb4-f925-4634-b285-f1ef9f63a15d
412,u9b42u9501u5178u72f1u957f,Thresh,u9524u77f3,"support,fighter",0,5,6,6,7,https://game.gtimg.cn/images/lol/act/img/vo/choose/412.ogg,https://game.gtimg.cn/images/lol/act/img/vo/ban/412.ogg,0,0,u6539u52a8u82f1u96c4,3150,2500,,,"u9b42u9501u5178u72f1u957f,u9524u77f3,Thresh,cs,hsdyz,hunsuodianyuzhang,chuishi",7af80ebb-a846-424d-9d39-cf9280989390
420,u6d77u517du796du53f8,Illaoi,u4fc4u6d1bu4f0a,"fighter,tank",0,8,6,3,4,https://game.gtimg.cn/images/lol/act/img/vo/choose/420.ogg,https://game.gtimg.cn/images/lol/act/img/vo/ban/420.ogg,0,0,u65e0u6539u52a8,3150,2500,,,"u6d77u517du796du53f8,u4fc4u6d1bu4f0a,u89e6u624bu5988,Illaoi,csm,ely,hsjs,haishoujisi,eluoyi,chushouma",d2992309-ba40-4b80-b3c6-3d93f9149560
421,u865au7a7au9041u5730u517d,RekSai,u96f7u514bu585e,fighter,0,8,5,2,3,https://game.gtimg.cn/images/lol/act/img/vo/choose/421.ogg,https://game.gtimg.cn/images/lol/act/img/vo/ban/421.ogg,0,0,u65e0u6539u52a8,6300,4500,,,"u865au7a7au9041u5730u517d,u6316u6398u673a,u96f7u514bu8d5b,u96f7u514bu585e,lks,wjj,xkdds,RekSai,xukongdundishou,wajueji,leikesai,leikesai",05add0f0-4f39-474b-9143-60f4d1b2b61f
427,u7fe0u795e,Ivern,u827eu7fc1,"support,mage",0,3,5,7,7,https://game.gtimg.cn/images/lol/act/img/vo/choose/427.ogg,https://game.gtimg.cn/images/lol/act/img/vo/ban/427.ogg,0,0,u65e0u6539u52a8,4800,3500,,,"u7fe0u795e,u827eu7fc1,u5c0fu83ca,Ivern,xj,cs,aw,cuishen,aiweng,xiaoju",ee4352ad-5115-415f-97a7-8f08d6e795ed
429,u590du4ec7u4e4bu77db,Kalista,u5361u8389u4e1du5854,marksman,0,8,2,4,7,https://game.gtimg.cn/images/lol/act/img/vo/choose/429.ogg,https://game.gtimg.cn/images/lol/act/img/vo/ban/429.ogg,0,0,u6539u52a8u82f1u96c4,4800,3500,,,"u590du4ec7u4e4bu77db,u5361u8389u4e1du5854,Kalista,fczm,klst,fuchouzhimao,kalisita",6a341848-b910-4e90-9cbc-39ad94cd8d44
432,u661fu754cu6e38u795e,Bard,u5df4u5fb7,"support,mage",0,4,4,5,9,https://game.gtimg.cn/images/lol/act/img/vo/choose/432.ogg,https://game.gtimg.cn/images/lol/act/img/vo/ban/432.ogg,0,0,u65e0u6539u52a8,6300,4500,,,"u661fu754cu6e38u795e,u5df4u5fb7,Bard,xingjieyoushen,bade,xjys,bd",a89ba758-a420-4b36-999b-695c73985ff3
497,u5e7bu7fce,Rakan,u6d1b,support,0,2,4,8,5,https://game.gtimg.cn/images/lol/act/img/vo/choose/497.ogg,https://game.gtimg.cn/images/lol/act/img/vo/ban/497.ogg,0,0,u6539u52a8u82f1u96c4,4800,3500,,,"u5e7bu7fce,u6d1b,l,hl,Rakan,huanling,luo",23ee45ee-cbc0-4151-99f7-4c090484aa26
498,u9006u7fbd,Xayah,u971e,marksman,0,10,6,1,5,https://game.gtimg.cn/images/lol/act/img/vo/choose/498.ogg,https://game.gtimg.cn/images/lol/act/img/vo/ban/498.ogg,0,0,u6539u52a8u82f1u96c4,4800,3500,,,"u9006u7fbd,u971e,x,ny,Xayah,niyu,xia",5077da64-aac6-45c9-b958-7cb87bfb943c
516,u5c71u9690u4e4bu7130,Ornn,u5965u6069,"tank,fighter",0,5,9,3,5,https://game.gtimg.cn/images/lol/act/img/vo/choose/516.ogg,https://game.gtimg.cn/images/lol/act/img/vo/ban/516.ogg,0,0,u65e0u6539u52a8,4800,3500,,,"u5c71u9690u4e4bu7130,u5965u6069,Ornn,an,syzy,shanyinzhiyan,aoen",94db7e6e-416f-4043-83c5-032bd4e3505a
517,u89e3u8131u8005,Sylas,u585eu62c9u65af,"mage,assassin",0,3,4,8,5,https://game.gtimg.cn/images/lol/act/img/vo/choose/517.ogg,https://game.gtimg.cn/images/lol/act/img/vo/ban/517.ogg,0,0,u65e0u6539u52a8,3150,2500,,,"u89e3u8131u8005,u585eu62c9u65af,sls,suannan,sn,jtz,Sylas,jietuozhe,sailasi",f8598bef-a478-445a-a570-025b3edbfbaf
518,u4e07u82b1u901au7075,Neeko,u59aeu853b,"mage,support",0,1,1,9,5,https://game.gtimg.cn/images/lol/act/img/vo/choose/518.ogg,https://game.gtimg.cn/images/lol/act/img/vo/ban/518.ogg,0,0,u6539u52a8u82f1u96c4,4800,3500,,,"u4e07u82b1u901au7075,u59aeu853b,neeko,nk,whtl,wanhuatongling,nikou",ea35ff2c-4f19-4502-962f-228f68140e59
523,u6b8bu6708u4e4bu8083,Aphelios,u5384u6590u7409u65af,marksman,0,6,2,1,10,https://game.gtimg.cn/images/lol/act/img/vo/choose/523.ogg,https://game.gtimg.cn/images/lol/act/img/vo/ban/523.ogg,0,0,u6539u52a8u82f1u96c4,4800,3500,,,"u6b8bu6708u4e4bu8083,u5384u6590u7409u65af,Aphelios,efls,cyzs,canyuezhisu,efeiliusi",f0f43179-e2d1-40f5-84e0-0ae82bf2adc0
526,u9555u94c1u5c11u5973,Rell,u82aeu5c14,"tank,support",0,0,0,0,0,https://game.gtimg.cn/images/lol/act/img/vo/choose/526.ogg,https://game.gtimg.cn/images/lol/act/img/vo/ban/526.ogg,0,0,u65e0u6539u52a8,4800,3500,,,"u9555u94c1u5c11u5973,u82aeu5c14,u9555u94c1,,rongtieshaonv,ruier,rongtie",d9ac9c3e-54ab-436b-b01f-6612f03c53ef
555,u8840u6e2fu9b3cu5f71,Pyke,u6d3eu514b,"support,assassin",0,9,3,1,7,https://game.gtimg.cn/images/lol/act/img/vo/choose/555.ogg,https://game.gtimg.cn/images/lol/act/img/vo/ban/555.ogg,0,0,u6539u52a8u82f1u96c4,3150,2500,,,"u8840u6e2fu9b3cu5f71,u6d3eu514b,pk,xggy,Pyke,xuegangguiying,paike",b7682a5e-4877-49a0-b177-98d6e3fd8734
711,u6101u4e91u4f7fu8005,Vex,u8587u53e4u4e1d,mage,0,0,0,0,0,https://game.gtimg.cn/images/lol/act/img/vo/choose/711.ogg,https://game.gtimg.cn/images/lol/act/img/vo/ban/711.ogg,0,0,u65e0u6539u52a8,3150,2500,,,"u8587u53e4u4e1d,u6101u4e91u4f7fu8005,u71acu591cu6ce2u6bd4,weigusi,chouyunshizhe,aoyebobi",7830d4ac-1cc2-40e0-81ec-a9680c74e5fb
777,u5c01u9b54u5251u9b42,Yone,u6c38u6069,"assassin,fighter",0,8,4,4,8,https://game.gtimg.cn/images/lol/act/img/vo/choose/777.ogg,https://game.gtimg.cn/images/lol/act/img/vo/ban/777.ogg,0,0,u65e0u6539u52a8,3150,2500,,,"u6c38u6069,u5c01u9b54u5251u9b42,ye,fmjh,Yone,yongen,fengmojianhun",933ced19-ef38-4e0a-a86b-835a106d491e
875,u8155u8c6a,Sett,u745fu63d0,"fighter,tank",0,8,5,1,2,https://game.gtimg.cn/images/lol/act/img/vo/choose/875.ogg,https://game.gtimg.cn/images/lol/act/img/vo/ban/875.ogg,0,0,u65e0u6539u52a8,1350,2000,,,"u8155u8c6a,u745fu63d0,jinfu,jf,Sett,st,wh,wanhao,seti",5ad11bec-22d6-45e6-8dc3-70776b19e951
876,u542bu7f9eu84d3u857e,Lillia,u8389u8389u5a05,"fighter,mage",0,0,2,10,8,https://game.gtimg.cn/images/lol/act/img/vo/choose/876.ogg,https://game.gtimg.cn/images/lol/act/img/vo/ban/876.ogg,0,0,u6539u52a8u82f1u96c4,4800,3500,,,"u542bu7f9eu84d3u857e,u8389u8389u5a05,u5c0fu9e7f,lly,hxbl,Lillia,hanxiubeilei,liliya,xiaolu",9ac93543-a5f2-4e06-8ab4-f64c8a895708
887,u7075u7f57u5a03u5a03,Gwen,u683cu6e29,"fighter,assassin",0,7,4,5,5,https://game.gtimg.cn/images/lol/act/img/vo/choose/887.ogg,https://game.gtimg.cn/images/lol/act/img/vo/ban/887.ogg,0,0,u65e0u6539u52a8,4800,3500,,,"u7075u7f57u5a03u5a03,u683cu6e29,u7075,u5a03wa,gw,Gw,,lingluowawa,gewen,ling,wa",c685e1f3-44e9-4efa-9fd5-3026c3d34dfc
888,u70bcu91d1u7537u7235,Renata,u70c8u5a1cu5854 u00b7 u6208u62c9u65afu514b,"support,mage",0,2,6,9,8,https://game.gtimg.cn/images/lol/act/img/vo/choose/888.ogg,https://game.gtimg.cn/images/lol/act/img/vo/ban/888.ogg,0,0,u65e0u6539u52a8,6300,4500,,,"u70c8u5a1cu5854,u70c8u5a1cu5854u6208u62c9u65afu514b,Renata,renata,u70bcu91d1u7537u7235,lienata,lienatagelasike,lianjinnanjue",919dc3cc-e9af-49fc-a683-191e5474db68
895,u4e0du7f81u4e4bu60a6,Nilah,u5c3cu83c8,"fighter,assassin",0,8,4,4,10,https://game.gtimg.cn/images/lol/act/img/vo/choose/895.ogg,https://game.gtimg.cn/images/lol/act/img/vo/ban/895.ogg,0,0,u65e0u6539u52a8,6300,4500,,,"u5c3cu83c8,u4e0du7f81u4e4bu60a6,Nilah,nila,bujizhiyue",2419aa41-bee2-483a-b739-63ba23edc07c
897,u7eb3u7956u8292u8363u8000,KSante,u594eu6851u63d0,"tank,fighter",0,8,8,7,9,https://game.gtimg.cn/images/lol/act/img/vo/choose/897.ogg,https://game.gtimg.cn/images/lol/act/img/vo/ban/897.ogg,0,0,u6539u52a8u82f1u96c4,6300,4500,,,"u594eu6851u63d0,u7eb3u7956u8292u8363u8000,kuisangti,nazumangrongyao",8977ce3d-094d-4eb2-8344-daa0e2132981
902,u660eu70db,Milio,u7c73u5229u6b27,support,0,2,4,8,5,https://game.gtimg.cn/images/lol/act/img/vo/choose/902.ogg,https://game.gtimg.cn/images/lol/act/img/vo/ban/902.ogg,0,0,u65b0u82f1u96c4,7800,4500,,,"u660eu70db,u7c73u5229u6b27,mingzhu,miliou",c314073d-ff9d-433a-81cc-5081fc93b54a
